timestamp,last_instance_change,instance_changed_count,accel_device_id,baro_device_id,gyro_device_id,mag_device_id,combined_test_ratio[0],combined_test_ratio[1],combined_test_ratio[2],combined_test_ratio[3],combined_test_ratio[4],combined_test_ratio[5],combined_test_ratio[6],combined_test_ratio[7],combined_test_ratio[8],relative_test_ratio[0],relative_test_ratio[1],relative_test_ratio[2],relative_test_ratio[3],relative_test_ratio[4],relative_test_ratio[5],relative_test_ratio[6],relative_test_ratio[7],relative_test_ratio[8],accumulated_gyro_error[0],accumulated_gyro_error[1],accumulated_gyro_error[2],accumulated_gyro_error[3],accumulated_accel_error[0],accumulated_accel_error[1],accumulated_accel_error[2],accumulated_accel_error[3],primary_instance,instances_available,healthy[0],healthy[1],healthy[2],healthy[3],healthy[4],healthy[5],healthy[6],healthy[7],healthy[8],gyro_fault_detected,accel_fault_detected
43455899,1455969,1,4259850,4028193,4325386,396809,1.0,1.0,1.0,1.0,nan,nan,nan,nan,nan,0.0,0.0,0.0,0.0,nan,nan,nan,nan,nan,0.0,0.0,nan,nan,0.0,0.0,nan,nan,0,4,1,1,1,1,0,0,0,0,0,0,0
44456055,1455969,1,4259850,4028193,4325386,396809,1.0,1.0,1.0,1.0,nan,nan,nan,nan,nan,0.0,0.0,0.0,0.0,nan,nan,nan,nan,nan,0.0,0.0,nan,nan,0.0,0.0,nan,nan,0,4,1,1,1,1,0,0,0,0,0,0,0
45456248,1455969,1,4259850,4028193,4325386,396809,1.0,1.0,1.0,1.0,nan,nan,nan,nan,nan,0.0,0.0,0.0,0.0,nan,nan,nan,nan,nan,0.0,0.0,nan,nan,0.0,0.0,nan,nan,0,4,1,1,1,1,0,0,0,0,0,0,0
46456621,1455969,1,4259850,4028193,4325386,396809,1.0,1.0,1.0,1.0,nan,nan,nan,nan,nan,0.0,0.0,0.0,0.0,nan,nan,nan,nan,nan,0.0,0.0,nan,nan,0.0,0.0,nan,nan,0,4,1,1,1,1,0,0,0,0,0,0,0
47456708,1455969,1,4259850,4028193,4325386,396809,1.0,1.0,1.0,1.0,nan,nan,nan,nan,nan,0.0,0.0,0.0,0.0,nan,nan,nan,nan,nan,0.0,0.0,nan,nan,0.0,0.0,nan,nan,0,4,1,1,1,1,0,0,0,0,0,0,0
48456926,1455969,1,4259850,4028193,4325386,396809,1.0,1.0,1.0,1.0,nan,nan,nan,nan,nan,0.0,0.0,0.0,0.0,nan,nan,nan,nan,nan,0.0,0.0,nan,nan,0.0,0.0,nan,nan,0,4,1,1,1,1,0,0,0,0,0,0,0
49457089,1455969,1,4259850,4028193,4325386,396809,1.0,1.0,1.0,1.0,nan,nan,nan,nan,nan,0.0,0.0,0.0,0.0,nan,nan,nan,nan,nan,0.0,0.0,nan,nan,0.0,0.0,nan,nan,0,4,1,1,1,1,0,0,0,0,0,0,0
50457289,1455969,1,4259850,4028193,4325386,396809,1.0,1.0,1.0,1.0,nan,nan,nan,nan,nan,0.0,0.0,0.0,0.0,nan,nan,nan,nan,nan,0.0,0.0,nan,nan,0.0,0.0,nan,nan,0,4,1,1,1,1,0,0,0,0,0,0,0
51457586,1455969,1,4259850,4028193,4325386,396809,1.0,1.0,1.0,1.0,nan,nan,nan,nan,nan,0.0,0.0,0.0,0.0,nan,nan,nan,nan,nan,0.0,0.0,nan,nan,0.0,0.0,nan,nan,0,4,1,1,1,1,0,0,0,0,0,0,0
52457710,1455969,1,4259850,4028193,4325386,396809,1.0,1.0,1.0,1.0,nan,nan,nan,nan,nan,0.0,0.0,0.0,0.0,nan,nan,nan,nan,nan,0.0,0.0,nan,nan,0.0,0.0,nan,nan,0,4,1,1,1,1,0,0,0,0,0,0,0
53458056,1455969,1,4259850,4028193,4325386,396809,1.0,1.0,1.0,1.0,nan,nan,nan,nan,nan,0.0,0.0,0.0,0.0,nan,nan,nan,nan,nan,0.0,0.0,nan,nan,0.0,0.0,nan,nan,0,4,1,1,1,1,0,0,0,0,0,0,0
54458211,1455969,1,4259850,4028193,4325386,396809,1.0,1.0,1.0,1.0,nan,nan,nan,nan,nan,0.0,0.0,0.0,0.0,nan,nan,nan,nan,nan,0.0,0.0,nan,nan,0.0,0.0,nan,nan,0,4,1,1,1,1,0,0,0,0,0,0,0
55458355,1455969,1,4259850,4028193,4325386,396809,1.0,1.0,1.0,1.0,nan,nan,nan,nan,nan,0.0,0.0,0.0,0.0,nan,nan,nan,nan,nan,0.0,0.0,nan,nan,0.0,0.0,nan,nan,0,4,1,1,1,1,0,0,0,0,0,0,0
56458573,1455969,1,4259850,4028193,4325386,396809,1.0,1.0,1.0,1.0,nan,nan,nan,nan,nan,0.0,0.0,0.0,0.0,nan,nan,nan,nan,nan,0.0,0.0,nan,nan,0.0,0.0,nan,nan,0,4,1,1,1,1,0,0,0,0,0,0,0
57458741,1455969,1,4259850,4028193,4325386,396809,1.0,1.0,1.0,1.0,nan,nan,nan,nan,nan,0.0,0.0,0.0,0.0,nan,nan,nan,nan,nan,0.0,0.0,nan,nan,0.0,0.0,nan,nan,0,4,1,1,1,1,0,0,0,0,0,0,0
58458945,1455969,1,4259850,4028193,4325386,396809,1.0,1.0,1.0,1.0,nan,nan,nan,nan,nan,0.0,0.0,0.0,0.0,nan,nan,nan,nan,nan,0.0,0.0,nan,nan,0.0,0.0,nan,nan,0,4,1,1,1,1,0,0,0,0,0,0,0
59459210,1455969,1,4259850,4028193,4325386,396809,1.0,1.0,1.0,1.0,nan,nan,nan,nan,nan,0.0,0.0,0.0,0.0,nan,nan,nan,nan,nan,0.0,0.0,nan,nan,0.0,0.0,nan,nan,0,4,1,1,1,1,0,0,0,0,0,0,0
60459391,1455969,1,4259850,4028193,4325386,396809,1.0,1.0,1.0,1.0,nan,nan,nan,nan,nan,0.0,0.0,0.0,0.0,nan,nan,nan,nan,nan,0.0,0.0,nan,nan,0.0,0.0,nan,nan,0,4,1,1,1,1,0,0,0,0,0,0,0
61459595,1455969,1,4259850,4028193,4325386,396809,1.0,1.0,1.0,1.0,nan,nan,nan,nan,nan,0.0,0.0,0.0,0.0,nan,nan,nan,nan,nan,0.0,0.0,nan,nan,0.0,0.0,nan,nan,0,4,1,1,1,1,0,0,0,0,0,0,0
62459783,1455969,1,4259850,4028193,4325386,396809,1.0,1.0,1.0,1.0,nan,nan,nan,nan,nan,0.0,0.0,0.0,0.0,nan,nan,nan,nan,nan,0.0,0.0,nan,nan,0.0,0.0,nan,nan,0,4,1,1,1,1,0,0,0,0,0,0,0
63460028,1455969,1,4259850,4028193,4325386,396809,1.0,1.0,1.0,1.0,nan,nan,nan,nan,nan,0.0,0.0,0.0,0.0,nan,nan,nan,nan,nan,0.0,0.0,nan,nan,0.0,0.0,nan,nan,0,4,1,1,1,1,0,0,0,0,0,0,0
64460258,1455969,1,4259850,4028193,4325386,396809,1.0,1.0,1.0,1.0,nan,nan,nan,nan,nan,0.0,0.0,0.0,0.0,nan,nan,nan,nan,nan,0.0,0.0,nan,nan,0.0,0.0,nan,nan,0,4,1,1,1,1,0,0,0,0,0,0,0
65460407,1455969,1,4259850,4028193,4325386,396809,1.0,1.0,1.0,1.0,nan,nan,nan,nan,nan,0.0,0.0,0.0,0.0,nan,nan,nan,nan,nan,0.0,0.0,nan,nan,0.0,0.0,nan,nan,0,4,1,1,1,1,0,0,0,0,0,0,0
66460629,1455969,1,4259850,4028193,4325386,396809,1.0,1.0,1.0,1.0,nan,nan,nan,nan,nan,0.0,0.0,0.0,0.0,nan,nan,nan,nan,nan,0.0,0.0,nan,nan,0.0,0.0,nan,nan,0,4,1,1,1,1,0,0,0,0,0,0,0
67460913,1455969,1,4259850,4028193,4325386,396809,1.0,1.0,1.0,1.0,nan,nan,nan,nan,nan,0.0,0.0,0.0,0.0,nan,nan,nan,nan,nan,0.0,0.0,nan,nan,0.0,0.0,nan,nan,0,4,1,1,1,1,0,0,0,0,0,0,0
68461050,1455969,1,4259850,4028193,4325386,396809,1.0,1.0,1.0,1.0,nan,nan,nan,nan,nan,0.0,0.0,0.0,0.0,nan,nan,nan,nan,nan,0.0,0.0,nan,nan,0.0,0.0,nan,nan,0,4,1,1,1,1,0,0,0,0,0,0,0
69461247,1455969,1,4259850,4028193,4325386,396809,1.0,1.0,1.0,1.0,nan,nan,nan,nan,nan,0.0,0.0,0.0,0.0,nan,nan,nan,nan,nan,0.0,0.0,nan,nan,0.0,0.0,nan,nan,0,4,1,1,1,1,0,0,0,0,0,0,0
70461512,1455969,1,4259850,4028193,4325386,396809,1.0,1.0,1.0,1.0,nan,nan,nan,nan,nan,0.0,0.0,0.0,0.0,nan,nan,nan,nan,nan,0.0,0.0,nan,nan,0.0,0.0,nan,nan,0,4,1,1,1,1,0,0,0,0,0,0,0
71461703,1455969,1,4259850,4028193,4325386,396809,1.0,1.0,1.0,1.0,nan,nan,nan,nan,nan,0.0,0.0,0.0,0.0,nan,nan,nan,nan,nan,0.0,0.0,nan,nan,0.0,0.0,nan,nan,0,4,1,1,1,1,0,0,0,0,0,0,0
72461983,1455969,1,4259850,4028193,4325386,396809,1.0,1.0,1.0,1.0,nan,nan,nan,nan,nan,0.0,0.0,0.0,0.0,nan,nan,nan,nan,nan,0.0,0.0,nan,nan,0.0,0.0,nan,nan,0,4,1,1,1,1,0,0,0,0,0,0,0
73462112,1455969,1,4259850,4028193,4325386,396809,1.0,1.0,1.0,1.0,nan,nan,nan,nan,nan,0.0,0.0,0.0,0.0,nan,nan,nan,nan,nan,0.0,0.0,nan,nan,0.0,0.0,nan,nan,0,4,1,1,1,1,0,0,0,0,0,0,0
74462307,1455969,1,4259850,4028193,4325386,396809,1.0,1.0,1.0,1.0,nan,nan,nan,nan,nan,0.0,0.0,0.0,0.0,nan,nan,nan,nan,nan,0.0,0.0,nan,nan,0.0,0.0,nan,nan,0,4,1,1,1,1,0,0,0,0,0,0,0
75462506,1455969,1,4259850,4028193,4325386,396809,1.0,1.0,1.0,1.0,nan,nan,nan,nan,nan,0.0,0.0,0.0,0.0,nan,nan,nan,nan,nan,0.0,0.0,nan,nan,0.0,0.0,nan,nan,0,4,1,1,1,1,0,0,0,0,0,0,0
76462818,1455969,1,4259850,4028193,4325386,396809,1.0,1.0,1.0,1.0,nan,nan,nan,nan,nan,0.0,0.0,0.0,0.0,nan,nan,nan,nan,nan,0.0,0.0,nan,nan,0.0,0.0,nan,nan,0,4,1,1,1,1,0,0,0,0,0,0,0
77463024,1455969,1,4259850,4028193,4325386,396809,1.0,1.0,1.0,1.0,nan,nan,nan,nan,nan,0.0,0.0,0.0,0.0,nan,nan,nan,nan,nan,0.0,0.0,nan,nan,0.0,0.0,nan,nan,0,4,1,1,1,1,0,0,0,0,0,0,0
78463137,1455969,1,4259850,4028193,4325386,396809,1.0,1.0,1.0,1.0,nan,nan,nan,nan,nan,0.0,0.0,0.0,0.0,nan,nan,nan,nan,nan,0.0,0.0,nan,nan,0.0,0.0,nan,nan,0,4,1,1,1,1,0,0,0,0,0,0,0
79463354,1455969,1,4259850,4028193,4325386,396809,1.0,1.0,1.0,1.0,nan,nan,nan,nan,nan,0.0,0.0,0.0,0.0,nan,nan,nan,nan,nan,0.0,0.0,nan,nan,0.0,0.0,nan,nan,0,4,1,1,1,1,0,0,0,0,0,0,0
80463700,1455969,1,4259850,4028193,4325386,396809,1.0,1.0,1.0,1.0,nan,nan,nan,nan,nan,0.0,0.0,0.0,0.0,nan,nan,nan,nan,nan,0.0,0.0,nan,nan,0.0,0.0,nan,nan,0,4,1,1,1,1,0,0,0,0,0,0,0
81463787,1455969,1,4259850,4028193,4325386,396809,1.0,1.0,1.0,1.0,nan,nan,nan,nan,nan,0.0,0.0,0.0,0.0,nan,nan,nan,nan,nan,0.0,0.0,nan,nan,0.0,0.0,nan,nan,0,4,1,1,1,1,0,0,0,0,0,0,0
82463999,1455969,1,4259850,4028193,4325386,396809,1.0,1.0,1.0,1.0,nan,nan,nan,nan,nan,0.0,0.0,0.0,0.0,nan,nan,nan,nan,nan,0.0,0.0,nan,nan,0.0,0.0,nan,nan,0,4,1,1,1,1,0,0,0,0,0,0,0
83464208,1455969,1,4259850,4028193,4325386,396809,1.0,1.0,1.0,1.0,nan,nan,nan,nan,nan,0.0,0.0,0.0,0.0,nan,nan,nan,nan,nan,0.0,0.0,nan,nan,0.0,0.0,nan,nan,0,4,1,1,1,1,0,0,0,0,0,0,0
84464543,1455969,1,4259850,4028193,4325386,396809,1.0,1.0,1.0,1.0,nan,nan,nan,nan,nan,0.0,0.0,0.0,0.0,nan,nan,nan,nan,nan,0.0,0.0,nan,nan,0.0,0.0,nan,nan,0,4,1,1,1,1,0,0,0,0,0,0,0
85464644,1455969,1,4259850,4028193,4325386,396809,1.0,1.0,1.0,1.0,nan,nan,nan,nan,nan,0.0,0.0,0.0,0.0,nan,nan,nan,nan,nan,0.0,0.0,nan,nan,0.0,0.0,nan,nan,0,4,1,1,1,1,0,0,0,0,0,0,0
86464878,1455969,1,4259850,4028193,4325386,396809,1.0,1.0,1.0,1.0,nan,nan,nan,nan,nan,0.0,0.0,0.0,0.0,nan,nan,nan,nan,nan,0.0,0.0,nan,nan,0.0,0.0,nan,nan,0,4,1,1,1,1,0,0,0,0,0,0,0
87465074,1455969,1,4259850,4028193,4325386,396809,1.0,1.0,1.0,1.0,nan,nan,nan,nan,nan,0.0,0.0,0.0,0.0,nan,nan,nan,nan,nan,0.0,0.0,nan,nan,0.0,0.0,nan,nan,0,4,1,1,1,1,0,0,0,0,0,0,0
88465362,1455969,1,4259850,4028193,4325386,396809,1.0,1.0,1.0,1.0,nan,nan,nan,nan,nan,0.0,0.0,0.0,0.0,nan,nan,nan,nan,nan,0.0,0.0,nan,nan,0.0,0.0,nan,nan,0,4,1,1,1,1,0,0,0,0,0,0,0
89465512,1455969,1,4259850,4028193,4325386,396809,1.0,1.0,1.0,1.0,nan,nan,nan,nan,nan,0.0,0.0,0.0,0.0,nan,nan,nan,nan,nan,0.0,0.0,nan,nan,0.0,0.0,nan,nan,0,4,1,1,1,1,0,0,0,0,0,0,0
90465781,1455969,1,4259850,4028193,4325386,396809,1.0,1.0,1.0,1.0,nan,nan,nan,nan,nan,0.0,0.0,0.0,0.0,nan,nan,nan,nan,nan,0.0,0.0,nan,nan,0.0,0.0,nan,nan,0,4,1,1,1,1,0,0,0,0,0,0,0
91465952,1455969,1,4259850,4028193,4325386,396809,1.0,1.0,1.0,1.0,nan,nan,nan,nan,nan,0.0,0.0,0.0,0.0,nan,nan,nan,nan,nan,0.0,0.0,nan,nan,0.0,0.0,nan,nan,0,4,1,1,1,1,0,0,0,0,0,0,0
92466163,1455969,1,4259850,4028193,4325386,396809,1.0,1.0,1.0,1.0,nan,nan,nan,nan,nan,0.0,0.0,0.0,0.0,nan,nan,nan,nan,nan,0.0,0.0,nan,nan,0.0,0.0,nan,nan,0,4,1,1,1,1,0,0,0,0,0,0,0
93466397,1455969,1,4259850,4028193,4325386,396809,1.0,1.0,1.0,1.0,nan,nan,nan,nan,nan,0.0,0.0,0.0,0.0,nan,nan,nan,nan,nan,0.0,0.0,nan,nan,0.0,0.0,nan,nan,0,4,1,1,1,1,0,0,0,0,0,0,0
94466660,1455969,1,4259850,4028193,4325386,396809,1.0,1.0,1.0,1.0,nan,nan,nan,nan,nan,0.0,0.0,0.0,0.0,nan,nan,nan,nan,nan,0.0,0.0,nan,nan,0.0,0.0,nan,nan,0,4,1,1,1,1,0,0,0,0,0,0,0
95466883,1455969,1,4259850,4028193,4325386,396809,1.0,1.0,1.0,1.0,nan,nan,nan,nan,nan,0.0,0.0,0.0,0.0,nan,nan,nan,nan,nan,0.0,0.0,nan,nan,0.0,0.0,nan,nan,0,4,1,1,1,1,0,0,0,0,0,0,0
96467076,1455969,1,4259850,4028193,4325386,396809,1.0,1.0,1.0,1.0,nan,nan,nan,nan,nan,0.0,0.0,0.0,0.0,nan,nan,nan,nan,nan,0.0,0.0,nan,nan,0.0,0.0,nan,nan,0,4,1,1,1,1,0,0,0,0,0,0,0
97467279,1455969,1,4259850,4028193,4325386,396809,1.0,1.0,1.0,1.0,nan,nan,nan,nan,nan,0.0,0.0,0.0,0.0,nan,nan,nan,nan,nan,0.0,0.0,nan,nan,0.0,0.0,nan,nan,0,4,1,1,1,1,0,0,0,0,0,0,0
98467516,1455969,1,4259850,4028193,4325386,396809,1.0,1.0,1.0,1.0,nan,nan,nan,nan,nan,0.0,0.0,0.0,0.0,nan,nan,nan,nan,nan,0.0,0.0,nan,nan,0.0,0.0,nan,nan,0,4,1,1,1,1,0,0,0,0,0,0,0
99467719,1455969,1,4259850,4028193,4325386,396809,1.0,1.0,1.0,1.0,nan,nan,nan,nan,nan,0.0,0.0,0.0,0.0,nan,nan,nan,nan,nan,0.0,0.0,nan,nan,0.0,0.0,nan,nan,0,4,1,1,1,1,0,0,0,0,0,0,0
100467983,1455969,1,4259850,4028193,4325386,396809,1.0,1.0,1.0,1.0,nan,nan,nan,nan,nan,0.0,0.0,0.0,0.0,nan,nan,nan,nan,nan,0.0,0.0,nan,nan,0.0,0.0,nan,nan,0,4,1,1,1,1,0,0,0,0,0,0,0
101468259,1455969,1,4259850,4028193,4325386,396809,1.0,1.0,1.0,1.0,nan,nan,nan,nan,nan,0.0,0.0,0.0,0.0,nan,nan,nan,nan,nan,0.0,0.0,nan,nan,0.0,0.0,nan,nan,0,4,1,1,1,1,0,0,0,0,0,0,0
102468382,1455969,1,4259850,4028193,4325386,396809,1.0,1.0,1.0,1.0,nan,nan,nan,nan,nan,0.0,0.0,0.0,0.0,nan,nan,nan,nan,nan,0.0,0.0,nan,nan,0.0,0.0,nan,nan,0,4,1,1,1,1,0,0,0,0,0,0,0
103468701,1455969,1,4259850,4028193,4325386,396809,1.0,1.0,1.0,1.0,nan,nan,nan,nan,nan,0.0,0.0,0.0,0.0,nan,nan,nan,nan,nan,0.0,0.0,nan,nan,0.0,0.0,nan,nan,0,4,1,1,1,1,0,0,0,0,0,0,0
104468875,1455969,1,4259850,4028193,4325386,396809,1.0,1.0,1.0,1.0,nan,nan,nan,nan,nan,0.0,0.0,0.0,0.0,nan,nan,nan,nan,nan,0.0,0.0,nan,nan,0.0,0.0,nan,nan,0,4,1,1,1,1,0,0,0,0,0,0,0
105469104,1455969,1,4259850,4028193,4325386,396809,1.0,1.0,1.0,1.0,nan,nan,nan,nan,nan,0.0,0.0,0.0,0.0,nan,nan,nan,nan,nan,0.0,0.0,nan,nan,0.0,0.0,nan,nan,0,4,1,1,1,1,0,0,0,0,0,0,0
106469280,1455969,1,4259850,4028193,4325386,396809,1.0,1.0,1.0,1.0,nan,nan,nan,nan,nan,0.0,0.0,0.0,0.0,nan,nan,nan,nan,nan,0.0,0.0,nan,nan,0.0,0.0,nan,nan,0,4,1,1,1,1,0,0,0,0,0,0,0
107469506,1455969,1,4259850,4028193,4325386,396809,1.0,1.0,1.0,1.0,nan,nan,nan,nan,nan,0.0,0.0,0.0,0.0,nan,nan,nan,nan,nan,0.0,0.0,nan,nan,0.0,0.0,nan,nan,0,4,1,1,1,1,0,0,0,0,0,0,0
108469785,1455969,1,4259850,4028193,4325386,396809,1.0,1.0,1.0,1.0,nan,nan,nan,nan,nan,0.0,0.0,0.0,0.0,nan,nan,nan,nan,nan,0.0,0.0,nan,nan,0.0,0.0,nan,nan,0,4,1,1,1,1,0,0,0,0,0,0,0
109470004,1455969,1,4259850,4028193,4325386,396809,1.0,1.0,1.0,1.0,nan,nan,nan,nan,nan,0.0,0.0,0.0,0.0,nan,nan,nan,nan,nan,0.0,0.0,nan,nan,0.0,0.0,nan,nan,0,4,1,1,1,1,0,0,0,0,0,0,0
110470185,1455969,1,4259850,4028193,4325386,396809,1.0,1.0,1.0,1.0,nan,nan,nan,nan,nan,0.0,0.0,0.0,0.0,nan,nan,nan,nan,nan,0.0,0.0,nan,nan,0.0,0.0,nan,nan,0,4,1,1,1,1,0,0,0,0,0,0,0
111470418,1455969,1,4259850,4028193,4325386,396809,1.0,1.0,1.0,1.0,nan,nan,nan,nan,nan,0.0,0.0,0.0,0.0,nan,nan,nan,nan,nan,0.0,0.0,nan,nan,0.0,0.0,nan,nan,0,4,1,1,1,1,0,0,0,0,0,0,0
112470642,1455969,1,4259850,4028193,4325386,396809,1.0,1.0,1.0,1.0,nan,nan,nan,nan,nan,0.0,0.0,0.0,0.0,nan,nan,nan,nan,nan,0.0,0.0,nan,nan,0.0,0.0,nan,nan,0,4,1,1,1,1,0,0,0,0,0,0,0
113471035,1455969,1,4259850,4028193,4325386,396809,1.0,1.0,1.0,1.0,nan,nan,nan,nan,nan,0.0,0.0,0.0,0.0,nan,nan,nan,nan,nan,0.0,0.0,nan,nan,0.0,0.0,nan,nan,0,4,1,1,1,1,0,0,0,0,0,0,0
114471092,1455969,1,4259850,4028193,4325386,396809,1.0,1.0,1.0,1.0,nan,nan,nan,nan,nan,0.0,0.0,0.0,0.0,nan,nan,nan,nan,nan,0.0,0.0,nan,nan,0.0,0.0,nan,nan,0,4,1,1,1,1,0,0,0,0,0,0,0
115471326,1455969,1,4259850,4028193,4325386,396809,1.0,1.0,1.0,1.0,nan,nan,nan,nan,nan,0.0,0.0,0.0,0.0,nan,nan,nan,nan,nan,0.0,0.0,nan,nan,0.0,0.0,nan,nan,0,4,1,1,1,1,0,0,0,0,0,0,0
116471661,1455969,1,4259850,4028193,4325386,396809,1.0,1.0,1.0,1.0,nan,nan,nan,nan,nan,0.0,0.0,0.0,0.0,nan,nan,nan,nan,nan,0.0,0.0,nan,nan,0.0,0.0,nan,nan,0,4,1,1,1,1,0,0,0,0,0,0,0
117471828,1455969,1,4259850,4028193,4325386,396809,1.0,1.0,1.0,1.0,nan,nan,nan,nan,nan,0.0,0.0,0.0,0.0,nan,nan,nan,nan,nan,0.0,0.0,nan,nan,0.0,0.0,nan,nan,0,4,1,1,1,1,0,0,0,0,0,0,0
118472016,1455969,1,4259850,4028193,4325386,396809,1.0,1.0,1.0,1.0,nan,nan,nan,nan,nan,0.0,0.0,0.0,0.0,nan,nan,nan,nan,nan,0.0,0.0,nan,nan,0.0,0.0,nan,nan,0,4,1,1,1,1,0,0,0,0,0,0,0
119472238,1455969,1,4259850,4028193,4325386,396809,1.0,1.0,1.0,1.0,nan,nan,nan,nan,nan,0.0,0.0,0.0,0.0,nan,nan,nan,nan,nan,0.0,0.0,nan,nan,0.0,0.0,nan,nan,0,4,1,1,1,1,0,0,0,0,0,0,0
120472469,1455969,1,4259850,4028193,4325386,396809,1.0,1.0,1.0,1.0,nan,nan,nan,nan,nan,0.0,0.0,0.0,0.0,nan,nan,nan,nan,nan,0.0,0.0,nan,nan,0.0,0.0,nan,nan,0,4,1,1,1,1,0,0,0,0,0,0,0
121472822,1455969,1,4259850,4028193,4325386,396809,1.0,1.0,1.0,1.0,nan,nan,nan,nan,nan,0.0,0.0,0.0,0.0,nan,nan,nan,nan,nan,0.0,0.0,nan,nan,0.0,0.0,nan,nan,0,4,1,1,1,1,0,0,0,0,0,0,0
122472931,1455969,1,4259850,4028193,4325386,396809,1.0,1.0,1.0,1.0,nan,nan,nan,nan,nan,0.0,0.0,0.0,0.0,nan,nan,nan,nan,nan,0.0,0.0,nan,nan,0.0,0.0,nan,nan,0,4,1,1,1,1,0,0,0,0,0,0,0
123473243,1455969,1,4259850,4028193,4325386,396809,1.0,1.0,1.0,1.0,nan,nan,nan,nan,nan,0.0,0.0,0.0,0.0,nan,nan,nan,nan,nan,0.0,0.0,nan,nan,0.0,0.0,nan,nan,0,4,1,1,1,1,0,0,0,0,0,0,0
124473391,1455969,1,4259850,4028193,4325386,396809,1.0,1.0,1.0,1.0,nan,nan,nan,nan,nan,0.0,0.0,0.0,0.0,nan,nan,nan,nan,nan,0.0,0.0,nan,nan,0.0,0.0,nan,nan,0,4,1,1,1,1,0,0,0,0,0,0,0
125473661,1455969,1,4259850,4028193,4325386,396809,1.0,1.0,1.0,1.0,nan,nan,nan,nan,nan,0.0,0.0,0.0,0.0,nan,nan,nan,nan,nan,0.0,0.0,nan,nan,0.0,0.0,nan,nan,0,4,1,1,1,1,0,0,0,0,0,0,0
126473925,1455969,1,4259850,4028193,4325386,396809,1.0,1.0,1.0,1.0,nan,nan,nan,nan,nan,0.0,0.0,0.0,0.0,nan,nan,nan,nan,nan,0.0,0.0,nan,nan,0.0,0.0,nan,nan,0,4,1,1,1,1,0,0,0,0,0,0,0
127474119,1455969,1,4259850,4028193,4325386,396809,1.0,1.0,1.0,1.0,nan,nan,nan,nan,nan,0.0,0.0,0.0,0.0,nan,nan,nan,nan,nan,0.0,0.0,nan,nan,0.0,0.0,nan,nan,0,4,1,1,1,1,0,0,0,0,0,0,0
128474383,1455969,1,4259850,4028193,4325386,396809,1.0,1.0,1.0,1.0,nan,nan,nan,nan,nan,0.0,0.0,0.0,0.0,nan,nan,nan,nan,nan,0.0,0.0,nan,nan,0.0,0.0,nan,nan,0,4,1,1,1,1,0,0,0,0,0,0,0
129474614,1455969,1,4259850,4028193,4325386,396809,1.0,1.0,1.0,1.0,nan,nan,nan,nan,nan,0.0,0.0,0.0,0.0,nan,nan,nan,nan,nan,0.0,0.0,nan,nan,0.0,0.0,nan,nan,0,4,1,1,1,1,0,0,0,0,0,0,0
130474939,1455969,1,4259850,4028193,4325386,396809,1.0,1.0,1.0,1.0,nan,nan,nan,nan,nan,0.0,0.0,0.0,0.0,nan,nan,nan,nan,nan,0.0,0.0,nan,nan,0.0,0.0,nan,nan,0,4,1,1,1,1,0,0,0,0,0,0,0
131475016,1455969,1,4259850,4028193,4325386,396809,1.0,1.0,1.0,1.0,nan,nan,nan,nan,nan,0.0,0.0,0.0,0.0,nan,nan,nan,nan,nan,0.0,0.0,nan,nan,0.0,0.0,nan,nan,0,4,1,1,1,1,0,0,0,0,0,0,0
132475248,1455969,1,4259850,4028193,4325386,396809,1.0,1.0,1.0,1.0,nan,nan,nan,nan,nan,0.0,0.0,0.0,0.0,nan,nan,nan,nan,nan,0.0,0.0,nan,nan,0.0,0.0,nan,nan,0,4,1,1,1,1,0,0,0,0,0,0,0
133475499,1455969,1,4259850,4028193,4325386,396809,1.0,1.0,1.0,1.0,nan,nan,nan,nan,nan,0.0,0.0,0.0,0.0,nan,nan,nan,nan,nan,0.0,0.0,nan,nan,0.0,0.0,nan,nan,0,4,1,1,1,1,0,0,0,0,0,0,0
134475732,1455969,1,4259850,4028193,4325386,396809,1.0,1.0,1.0,1.0,nan,nan,nan,nan,nan,0.0,0.0,0.0,0.0,nan,nan,nan,nan,nan,0.0,0.0,nan,nan,0.0,0.0,nan,nan,0,4,1,1,1,1,0,0,0,0,0,0,0
135475979,1455969,1,4259850,4028193,4325386,396809,1.0,1.0,1.0,1.0,nan,nan,nan,nan,nan,0.0,0.0,0.0,0.0,nan,nan,nan,nan,nan,0.0,0.0,nan,nan,0.0,0.0,nan,nan,0,4,1,1,1,1,0,0,0,0,0,0,0
136476225,1455969,1,4259850,4028193,4325386,396809,1.0,1.0,1.0,1.0,nan,nan,nan,nan,nan,0.0,0.0,0.0,0.0,nan,nan,nan,nan,nan,0.0,0.0,nan,nan,0.0,0.0,nan,nan,0,4,1,1,1,1,0,0,0,0,0,0,0
137476411,1455969,1,4259850,4028193,4325386,396809,1.0,1.0,1.0,1.0,nan,nan,nan,nan,nan,0.0,0.0,0.0,0.0,nan,nan,nan,nan,nan,0.0,0.0,nan,nan,0.0,0.0,nan,nan,0,4,1,1,1,1,0,0,0,0,0,0,0
138476701,1455969,1,4259850,4028193,4325386,396809,1.0,1.0,1.0,1.0,nan,nan,nan,nan,nan,0.0,0.0,0.0,0.0,nan,nan,nan,nan,nan,0.0,0.0,nan,nan,0.0,0.0,nan,nan,0,4,1,1,1,1,0,0,0,0,0,0,0
139476994,1455969,1,4259850,4028193,4325386,396809,1.0,1.0,1.0,1.0,nan,nan,nan,nan,nan,0.0,0.0,0.0,0.0,nan,nan,nan,nan,nan,0.0,0.0,nan,nan,0.0,0.0,nan,nan,0,4,1,1,1,1,0,0,0,0,0,0,0
140477139,1455969,1,4259850,4028193,4325386,396809,1.0,1.0,1.0,1.0,nan,nan,nan,nan,nan,0.0,0.0,0.0,0.0,nan,nan,nan,nan,nan,0.0,0.0,nan,nan,0.0,0.0,nan,nan,0,4,1,1,1,1,0,0,0,0,0,0,0
141477374,1455969,1,4259850,4028193,4325386,396809,1.0,1.0,1.0,1.0,nan,nan,nan,nan,nan,0.0,0.0,0.0,0.0,nan,nan,nan,nan,nan,0.0,0.0,nan,nan,0.0,0.0,nan,nan,0,4,1,1,1,1,0,0,0,0,0,0,0
142477672,1455969,1,4259850,4028193,4325386,396809,1.0,1.0,1.0,1.0,nan,nan,nan,nan,nan,0.0,0.0,0.0,0.0,nan,nan,nan,nan,nan,0.0,0.0,nan,nan,0.0,0.0,nan,nan,0,4,1,1,1,1,0,0,0,0,0,0,0
143477837,1455969,1,4259850,4028193,4325386,396809,1.0,1.0,1.0,1.0,nan,nan,nan,nan,nan,0.0,0.0,0.0,0.0,nan,nan,nan,nan,nan,0.0,0.0,nan,nan,0.0,0.0,nan,nan,0,4,1,1,1,1,0,0,0,0,0,0,0
144478097,1455969,1,4259850,4028193,4325386,396809,1.0,1.0,1.0,1.0,nan,nan,nan,nan,nan,0.0,0.0,0.0,0.0,nan,nan,nan,nan,nan,0.0,0.0,nan,nan,0.0,0.0,nan,nan,0,4,1,1,1,1,0,0,0,0,0,0,0
145478309,1455969,1,4259850,4028193,4325386,396809,1.0,1.0,1.0,1.0,nan,nan,nan,nan,nan,0.0,0.0,0.0,0.0,nan,nan,nan,nan,nan,0.0,0.0,nan,nan,0.0,0.0,nan,nan,0,4,1,1,1,1,0,0,0,0,0,0,0
146478710,1455969,1,4259850,4028193,4325386,396809,1.0,1.0,1.0,1.0,nan,nan,nan,nan,nan,0.0,0.0,0.0,0.0,nan,nan,nan,nan,nan,0.0,0.0,nan,nan,0.0,0.0,nan,nan,0,4,1,1,1,1,0,0,0,0,0,0,0
147478791,1455969,1,4259850,4028193,4325386,396809,1.0,1.0,1.0,1.0,nan,nan,nan,nan,nan,0.0,0.0,0.0,0.0,nan,nan,nan,nan,nan,0.0,0.0,nan,nan,0.0,0.0,nan,nan,0,4,1,1,1,1,0,0,0,0,0,0,0
148479079,1455969,1,4259850,4028193,4325386,396809,1.0,1.0,1.0,1.0,nan,nan,nan,nan,nan,0.0,0.0,0.0,0.0,nan,nan,nan,nan,nan,0.0,0.0,nan,nan,0.0,0.0,nan,nan,0,4,1,1,1,1,0,0,0,0,0,0,0
149479214,1455969,1,4259850,4028193,4325386,396809,1.0,1.0,1.0,1.0,nan,nan,nan,nan,nan,0.0,0.0,0.0,0.0,nan,nan,nan,nan,nan,0.0,0.0,nan,nan,0.0,0.0,nan,nan,0,4,1,1,1,1,0,0,0,0,0,0,0
150479565,1455969,1,4259850,4028193,4325386,396809,1.0,1.0,1.0,1.0,nan,nan,nan,nan,nan,0.0,0.0,0.0,0.0,nan,nan,nan,nan,nan,0.0,0.0,nan,nan,0.0,0.0,nan,nan,0,4,1,1,1,1,0,0,0,0,0,0,0
151479685,1455969,1,4259850,4028193,4325386,396809,1.0,1.0,1.0,1.0,nan,nan,nan,nan,nan,0.0,0.0,0.0,0.0,nan,nan,nan,nan,nan,0.0,0.0,nan,nan,0.0,0.0,nan,nan,0,4,1,1,1,1,0,0,0,0,0,0,0
152479945,1455969,1,4259850,4028193,4325386,396809,1.0,1.0,1.0,1.0,nan,nan,nan,nan,nan,0.0,0.0,0.0,0.0,nan,nan,nan,nan,nan,0.0,0.0,nan,nan,0.0,0.0,nan,nan,0,4,1,1,1,1,0,0,0,0,0,0,0
153480147,1455969,1,4259850,4028193,4325386,396809,1.0,1.0,1.0,1.0,nan,nan,nan,nan,nan,0.0,0.0,0.0,0.0,nan,nan,nan,nan,nan,0.0,0.0,nan,nan,0.0,0.0,nan,nan,0,4,1,1,1,1,0,0,0,0,0,0,0
154480427,1455969,1,4259850,4028193,4325386,396809,1.0,1.0,1.0,1.0,nan,nan,nan,nan,nan,0.0,0.0,0.0,0.0,nan,nan,nan,nan,nan,0.0,0.0,nan,nan,0.0,0.0,nan,nan,0,4,1,1,1,1,0,0,0,0,0,0,0
155480666,1455969,1,4259850,4028193,4325386,396809,1.0,1.0,1.0,1.0,nan,nan,nan,nan,nan,0.0,0.0,0.0,0.0,nan,nan,nan,nan,nan,0.0,0.0,nan,nan,0.0,0.0,nan,nan,0,4,1,1,1,1,0,0,0,0,0,0,0
156480883,1455969,1,4259850,4028193,4325386,396809,1.0,1.0,1.0,1.0,nan,nan,nan,nan,nan,0.0,0.0,0.0,0.0,nan,nan,nan,nan,nan,0.0,0.0,nan,nan,0.0,0.0,nan,nan,0,4,1,1,1,1,0,0,0,0,0,0,0
157481148,1455969,1,4259850,4028193,4325386,396809,1.0,1.0,1.0,1.0,nan,nan,nan,nan,nan,0.0,0.0,0.0,0.0,nan,nan,nan,nan,nan,0.0,0.0,nan,nan,0.0,0.0,nan,nan,0,4,1,1,1,1,0,0,0,0,0,0,0
158481342,1455969,1,4259850,4028193,4325386,396809,1.0,1.0,1.0,1.0,nan,nan,nan,nan,nan,0.0,0.0,0.0,0.0,nan,nan,nan,nan,nan,0.0,0.0,nan,nan,0.0,0.0,nan,nan,0,4,1,1,1,1,0,0,0,0,0,0,0
159481560,1455969,1,4259850,4028193,4325386,396809,1.0,1.0,1.0,1.0,nan,nan,nan,nan,nan,0.0,0.0,0.0,0.0,nan,nan,nan,nan,nan,0.0,0.0,nan,nan,0.0,0.0,nan,nan,0,4,1,1,1,1,0,0,0,0,0,0,0
160481795,1455969,1,4259850,4028193,4325386,396809,1.0,1.0,1.0,1.0,nan,nan,nan,nan,nan,0.0,0.0,0.0,0.0,nan,nan,nan,nan,nan,0.0,0.0,nan,nan,0.0,0.0,nan,nan,0,4,1,1,1,1,0,0,0,0,0,0,0
161482030,1455969,1,4259850,4028193,4325386,396809,1.0,1.0,1.0,1.0,nan,nan,nan,nan,nan,0.0,0.0,0.0,0.0,nan,nan,nan,nan,nan,0.0,0.0,nan,nan,0.0,0.0,nan,nan,0,4,1,1,1,1,0,0,0,0,0,0,0
162482326,1455969,1,4259850,4028193,4325386,396809,1.0,1.0,1.0,1.0,nan,nan,nan,nan,nan,0.0,0.0,0.0,0.0,nan,nan,nan,nan,nan,0.0,0.0,nan,nan,0.0,0.0,nan,nan,0,4,1,1,1,1,0,0,0,0,0,0,0
163482518,1455969,1,4259850,4028193,4325386,396809,1.0,1.0,1.0,1.0,nan,nan,nan,nan,nan,0.0,0.0,0.0,0.0,nan,nan,nan,nan,nan,0.0,0.0,nan,nan,0.0,0.0,nan,nan,0,4,1,1,1,1,0,0,0,0,0,0,0
164482742,1455969,1,4259850,4028193,4325386,396809,1.0,1.0,1.0,1.0,nan,nan,nan,nan,nan,0.0,0.0,0.0,0.0,nan,nan,nan,nan,nan,0.0,0.0,nan,nan,0.0,0.0,nan,nan,0,4,1,1,1,1,0,0,0,0,0,0,0
165482987,1455969,1,4259850,4028193,4325386,396809,1.0,1.0,1.0,1.0,nan,nan,nan,nan,nan,0.0,0.0,0.0,0.0,nan,nan,nan,nan,nan,0.0,0.0,nan,nan,0.0,0.0,nan,nan,0,4,1,1,1,1,0,0,0,0,0,0,0
